ID,Serial No,PlantManagerID,PlantManager
PMID-1089786,23434534,PM013,Aman Gupta
PMID-1090286,23758889,PM014,Shreya Menon
PMID-1090786,24083244,PM015,Harish Pillai
PMID-1091286,24407599,PM016,Neha Kulkarni
PMID-1091786,24731954,PM017,Arjun Reddy
PMID-1092286,25056309,PM019,Gopal Krishnan
PMID-1092786,25380664,PM001,Ramesh Iyer
PMID-1093286,25705019,PM002,Aarti Deshmukh
PMID-1093786,26029374,PM003,Soumen Roy
PMID-1094286,26353729,PM004,Prakash Kumar
PMID-1094786,26678084,PM005,Vikram Singh
PMID-1095286,27002439,PM006,Anita Nair
PMID-1095786,27326794,PM007,Sushil Mehta
PMID-1096286,27651149,PM009,Rohit Kapoor
PMID-1096786,27975504,PM008,Meera Srinivasan
PMID-1097286,28299859,PM010,Pooja Bansal
PMID-1097786,28624214,PM011,Kiran Rao
PMID-1098286,28948569,PM012,Deepa Verma
PMID-1098786,29272924,PM020,Sanjana Das
PMID-1099286,29597279,PM018,Payal Shah
